,name,rmsd,shift1,shift2,shift3,mean_c,med_c,max_c,mean_c_ref,med_c_ref,max_c_ref,structure,rmsd_constraint
196,5KPE_2_2_0,0.4933025,0.0,0.0,0.0,20.796156,14.406433,71.92844,19.61382,14.320236,66.043625,5KPE,2
119,5KPE_2_2_1,0.5654703,0.0,0.0,0.0,20.498295,13.87162,71.06506,20.115797,15.901558,66.65832,5KPE,2
93,5KPE_2_2_2,0.5335736,0.0,0.0,0.0,20.760426,13.367249,71.897865,20.196148,16.16227,64.82843,5KPE,2
289,5KPE_2_2_3,0.52153534,0.0,0.0,0.0,21.133627,14.091209,71.355736,19.911573,14.809608,65.27124,5KPE,2
215,5KPE_2_2_4,0.5310121,0.0,0.0,0.0,21.273752,14.606888,70.1219,20.444502,14.643021,64.014885,5KPE,2
106,5KPE_2_2_5,0.4974094,0.0,0.0,0.0,20.67701,14.109863,68.1722,20.216759,15.114708,63.303696,5KPE,2
301,5KPE_2_2_6,0.5703794,0.0,0.0,0.0,20.985851,15.795776,70.200714,20.42082,14.376831,64.747215,5KPE,2
150,5KPE_2_2_7,0.58428496,0.0,0.0,0.0,21.243507,13.818306,71.84392,20.672201,14.607056,66.50964,5KPE,2
266,5KPE_2_2_8,0.5474422,0.0,0.0,0.0,21.046297,15.879158,68.51644,20.323372,15.37944,63.43004,5KPE,2
124,5KPE_2_2_9,0.5796855,0.0,0.0,0.0,20.472088,14.100441,69.20877,20.020964,14.012283,65.32887,5KPE,2
246,5KPE_2_4_0,0.5739141,0.0,0.0,0.0,20.626726,13.80764,70.6633,20.24257,14.192383,65.26818,5KPE,2
286,5KPE_2_4_1,0.53232396,0.0,0.0,0.0,20.047535,11.928024,70.46342,20.096693,13.046082,67.58417,5KPE,2
224,5KPE_2_4_2,0.52473944,0.0,0.0,0.0,20.542744,13.605011,73.10283,19.812344,13.089897,66.5402,5KPE,2
198,5KPE_2_4_3,0.5236799,0.0,0.0,0.0,20.28594,13.983871,71.2938,19.830275,13.350235,67.58779,5KPE,2
31,5KPE_2_4_4,0.59915704,0.0,0.0,0.0,20.261219,13.747391,74.18853,20.234638,14.750191,66.87665,5KPE,2
292,5KPE_2_4_5,0.46127382,0.0,0.0,0.0,20.829386,13.8112335,71.56292,20.007883,13.363373,66.03328,5KPE,2
61,5KPE_2_4_6,0.47126395,0.0,0.0,0.0,20.486292,13.459221,68.78294,19.576479,14.438995,64.94254,5KPE,2
149,5KPE_2_4_7,0.609164,0.0,0.0,0.0,20.249235,14.23587,72.36594,20.363722,13.504478,67.487404,5KPE,2
240,5KPE_2_4_8,0.578405,0.0,0.0,0.0,20.842043,15.566704,73.80071,20.495115,15.42746,65.41957,5KPE,2
217,5KPE_2_4_9,0.5149671,0.0,0.0,0.0,20.414982,13.719353,72.49065,19.633448,15.151283,63.596756,5KPE,2
300,5KPE_2_6_0,0.57019913,0.0,0.0,0.0,20.073128,12.498344,73.82496,19.77392,10.363846,67.06527,5KPE,2
37,5KPE_2_6_1,0.677183,0.0,0.0,0.0,20.4149,13.708824,74.00362,19.779222,14.548645,66.505905,5KPE,2
225,5KPE_2_6_2,0.57410765,0.0,0.0,0.0,21.106106,13.903328,74.888695,19.96079,13.184311,67.741684,5KPE,2
80,5KPE_2_6_3,0.6634757,0.0,0.0,0.0,20.565151,14.417763,70.961365,19.998068,14.237419,65.11457,5KPE,2
311,5KPE_2_6_4,0.53772956,0.0,0.0,0.0,20.939934,13.118065,76.682724,20.114925,12.234123,67.19139,5KPE,2
67,5KPE_2_6_5,0.6160491,0.0,0.0,0.0,20.454456,15.366562,75.55257,19.614408,15.62262,68.65089,5KPE,2
133,5KPE_2_6_6,0.6938064,0.0,0.0,0.0,20.535513,13.445114,74.7326,19.827576,13.199188,67.21785,5KPE,2
134,5KPE_2_6_7,0.56103665,0.0,0.0,0.0,20.03351,13.025162,73.22822,19.76075,13.965988,67.12979,5KPE,2
172,5KPE_2_6_8,0.58165574,0.0,0.0,0.0,20.388544,13.140091,75.3248,20.060371,13.341652,67.270164,5KPE,2
187,5KPE_2_6_9,0.62057555,0.0,0.0,0.0,20.21626,13.047195,73.83655,20.288013,12.558029,66.08897,5KPE,2
278,5KPE_2_8_0,0.59846294,0.0,0.0,0.0,20.278904,12.211014,73.07307,19.693445,14.120605,66.16196,5KPE,2
218,5KPE_2_8_1,0.6164962,0.0,0.0,0.0,20.434319,13.488686,74.70899,19.522947,15.240623,64.292625,5KPE,2
154,5KPE_2_8_2,0.66620916,0.0,0.0,0.0,19.967705,12.131226,71.7622,19.649048,15.4515,63.969368,5KPE,2
244,5KPE_2_8_3,0.727604,0.0,0.0,0.0,20.441076,12.967278,74.39775,20.223486,14.915306,67.00509,5KPE,2
98,5KPE_2_8_4,0.631583,0.0,0.0,0.0,20.770712,12.746216,76.277885,19.910269,10.564835,66.37892,5KPE,2
73,5KPE_2_8_5,0.7018921,0.0,0.0,0.0,19.9959,10.839149,74.97805,19.855305,12.915665,67.58544,5KPE,2
188,5KPE_2_8_6,0.6166847,0.0,0.0,0.0,20.378292,14.017914,74.88644,19.965693,14.369797,70.62317,5KPE,2
313,5KPE_2_8_7,0.67649484,0.0,0.0,0.0,20.272322,11.553207,75.55052,20.034002,15.569672,67.34138,5KPE,2
248,5KPE_2_8_8,0.69197845,0.0,0.0,0.0,20.240816,11.405235,72.752365,20.054152,12.439964,66.928665,5KPE,2
211,5KPE_2_8_9,0.62325376,0.0,0.0,0.0,20.693417,11.489288,74.47337,19.454216,12.879379,68.29998,5KPE,2
48,5KPE_4_2_0,0.7427053,0.0,0.0,0.0,21.965786,16.232536,74.06081,20.567738,13.947479,63.9825,5KPE,4
186,5KPE_4_2_1,0.86217576,0.0,0.0,0.0,22.699482,13.22377,75.55301,20.638859,12.5497055,64.657166,5KPE,4
23,5KPE_4_2_2,0.8691453,0.0,0.0,0.0,23.918257,16.178856,72.3335,21.46885,13.24192,63.28071,5KPE,4
19,5KPE_4_2_3,0.9077356,0.0,0.0,0.0,22.958597,13.64653,76.55664,20.695047,13.692085,65.424,5KPE,4
36,5KPE_4_2_4,0.7767096,0.0,0.0,0.0,23.75658,16.802826,73.17201,21.267073,14.375679,64.24403,5KPE,4
204,5KPE_4_2_5,0.8917355,0.0,0.0,0.0,22.13892,14.242462,75.878555,19.981579,12.318504,64.26427,5KPE,4
57,5KPE_4_2_6,0.8213588,0.0,0.0,0.0,22.816462,14.317329,75.94201,20.73586,13.352318,64.56331,5KPE,4
254,5KPE_4_2_7,0.71273583,0.0,0.0,0.0,23.223745,18.995987,73.821815,21.029041,14.930634,66.321106,5KPE,4
294,5KPE_4_2_8,0.78682816,0.0,0.0,0.0,22.30026,15.320946,72.42137,20.07092,12.5606,61.0783,5KPE,4
6,5KPE_4_2_9,0.81246924,0.0,0.0,0.0,22.665897,15.237267,78.32758,20.973938,12.972946,64.56131,5KPE,4
165,5KPE_4_4_0,0.95149237,0.0,0.0,0.0,22.651373,15.692574,74.04665,20.558,13.953644,63.717934,5KPE,4
100,5KPE_4_4_1,0.72725815,0.0,0.0,0.0,22.455484,16.268837,72.637024,21.021732,14.881714,64.90778,5KPE,4
8,5KPE_4_4_2,0.7666181,0.0,0.0,0.0,22.836504,16.34784,71.83987,20.738827,16.662163,63.569717,5KPE,4
135,5KPE_4_4_3,0.7224925,0.0,0.0,0.0,21.51373,12.192841,73.998795,20.001091,15.594452,63.844925,5KPE,4
104,5KPE_4_4_4,0.8435755,0.0,0.0,0.0,23.408518,15.588562,72.53655,21.648901,16.125343,64.52148,5KPE,4
177,5KPE_4_4_5,0.8382371,0.0,0.0,0.0,22.652765,14.740746,76.48185,20.911825,13.054932,64.414986,5KPE,4
74,5KPE_4_4_6,0.7752156,0.0,0.0,0.0,23.190203,15.496216,73.59821,21.245232,15.804085,64.65165,5KPE,4
223,5KPE_4_4_7,0.8397602,0.0,0.0,0.0,23.49911,15.882965,73.25415,21.263592,13.917648,66.85319,5KPE,4
293,5KPE_4_4_8,0.8066942,0.0,0.0,0.0,22.61628,17.779205,74.71156,20.625257,15.253326,63.241432,5KPE,4
273,5KPE_4_4_9,0.8135532,0.0,0.0,0.0,23.040243,15.472343,70.987595,21.204264,14.302032,65.74138,5KPE,4
129,5KPE_4_6_0,0.73408353,0.0,0.0,0.0,22.370731,15.376053,74.77127,21.315464,14.362724,66.13495,5KPE,4
276,5KPE_4_6_1,0.752096,0.0,0.0,0.0,22.62896,13.3333435,75.760635,21.3474,19.289848,66.43598,5KPE,4
233,5KPE_4_6_2,0.78146255,0.0,0.0,0.0,22.865034,15.344749,73.50251,21.643982,14.716408,66.58954,5KPE,4
54,5KPE_4_6_3,0.7682969,0.0,0.0,0.0,21.959547,14.355103,74.70813,20.425077,15.886337,65.979416,5KPE,4
307,5KPE_4_6_4,0.9160803,0.0,0.0,0.0,22.135323,13.264481,72.250755,20.61053,13.748085,65.16968,5KPE,4
167,5KPE_4_6_5,0.77179337,0.0,0.0,0.0,22.576742,15.197685,72.07287,21.042898,13.537994,66.05865,5KPE,4
282,5KPE_4_6_6,0.8672536,0.0,0.0,0.0,22.771492,14.219582,71.99209,20.991419,13.141548,64.81162,5KPE,4
189,5KPE_4_6_7,0.79160815,0.0,0.0,0.0,22.245888,14.426308,73.23328,20.629631,13.947868,66.37512,5KPE,4
227,5KPE_4_6_8,0.7891477,0.0,0.0,0.0,22.456354,14.13401,73.32116,20.512873,14.780991,64.86332,5KPE,4
137,5KPE_4_6_9,0.7863172,0.0,0.0,0.0,22.361279,13.582726,74.10893,20.632824,12.647713,68.41077,5KPE,4
298,5KPE_4_8_0,0.8575996,0.0,0.0,0.0,22.878416,13.023872,69.981705,21.014761,14.25853,65.02324,5KPE,4
235,5KPE_4_8_1,0.7808129,0.0,0.0,0.0,22.66142,14.380531,69.50115,20.621984,12.903236,66.34929,5KPE,4
91,5KPE_4_8_2,0.72346807,0.0,0.0,0.0,22.50979,15.13176,67.934044,21.30228,14.07943,65.55219,5KPE,4
117,5KPE_4_8_3,0.78736514,0.0,0.0,0.0,21.964962,14.749214,68.838264,20.799246,14.466347,67.80296,5KPE,4
109,5KPE_4_8_4,0.8248262,0.0,0.0,0.0,22.076084,17.633598,73.191795,20.30507,15.925262,67.93139,5KPE,4
60,5KPE_4_8_5,0.71400815,0.0,0.0,0.0,21.812077,16.350723,72.30835,20.64668,16.94664,67.12203,5KPE,4
39,5KPE_4_8_6,0.76842034,0.0,0.0,0.0,22.55059,16.504295,69.817184,21.270874,16.578712,65.47335,5KPE,4
199,5KPE_4_8_7,0.92384017,0.0,0.0,0.0,22.223001,14.838448,71.09239,20.95846,14.043266,63.933823,5KPE,4
15,5KPE_4_8_8,0.8222396,0.0,0.0,0.0,22.412935,14.479248,69.64983,21.269146,14.301132,65.76996,5KPE,4
287,5KPE_4_8_9,0.7076583,0.0,0.0,0.0,21.616053,14.114151,70.109,20.339596,14.156242,63.137177,5KPE,4
145,5KPE_6_2_0,0.87664866,0.0,0.0,0.0,24.961357,16.60846,74.4342,23.325361,17.293686,71.28512,5KPE,6
7,5KPE_6_2_1,0.79998165,0.0,0.0,0.0,25.509495,15.386238,73.09957,23.541739,18.827263,71.26314,5KPE,6
53,5KPE_6_2_2,0.8212676,0.0,0.0,0.0,23.777132,14.48259,71.695885,22.219799,19.671577,71.6065,5KPE,6
24,5KPE_6_2_3,0.7361335,0.0,0.0,0.0,23.756615,15.41198,74.58706,22.603329,21.489044,70.53155,5KPE,6
275,5KPE_6_2_4,0.7615296,0.0,0.0,0.0,23.537561,16.476273,70.465546,21.956621,16.71875,68.269775,5KPE,6
212,5KPE_6_2_5,0.8272589,0.0,0.0,0.0,22.182398,13.303902,75.15145,20.206266,16.977104,66.74637,5KPE,6
62,5KPE_6_2_6,0.8425777,0.0,0.0,0.0,24.47617,16.20308,74.82621,22.353125,17.346909,71.222404,5KPE,6
77,5KPE_6_2_7,0.80287427,0.0,0.0,0.0,23.51593,16.793755,71.43646,21.450981,15.751564,68.63276,5KPE,6
164,5KPE_6_2_9,0.7766403,0.0,0.0,0.0,24.54601,17.546455,74.67972,22.49096,12.075714,69.025764,5KPE,6
99,5KPE_6_4_0,0.7810903,0.0,0.0,0.0,25.176922,16.274864,75.3038,23.33112,16.74958,72.78992,5KPE,6
193,5KPE_6_4_1,0.9150594,0.0,0.0,0.0,24.229118,12.791695,76.30971,23.013115,13.859047,72.26634,5KPE,6
234,5KPE_6_4_2,0.8399735,0.0,0.0,0.0,24.175474,13.984314,78.66712,22.59045,17.630493,73.106575,5KPE,6
121,5KPE_6_4_3,0.70223,0.0,0.0,0.0,24.862846,14.049805,75.18384,23.31762,18.139885,74.12426,5KPE,6
0,5KPE_6_4_4,0.8902683,0.0,0.0,0.0,24.570293,16.22927,75.3232,23.09859,14.000626,74.50831,5KPE,6
47,5KPE_6_4_5,0.8937902,0.0,0.0,0.0,23.481373,13.473877,76.78789,21.288519,12.858429,71.71743,5KPE,6
230,5KPE_6_4_6,0.84715426,0.0,0.0,0.0,24.844563,16.937088,75.6661,23.133541,16.525978,73.70243,5KPE,6
115,5KPE_6_4_7,0.88923913,0.0,0.0,0.0,24.553955,14.08419,75.79543,22.939493,16.252594,72.73222,5KPE,6
38,5KPE_6_4_8,0.8167869,0.0,0.0,0.0,24.467411,15.399597,76.779274,22.455828,16.427635,71.57408,5KPE,6
10,5KPE_6_4_9,0.844785,0.0,0.0,0.0,25.517931,17.08741,77.06515,23.68161,15.384392,75.08809,5KPE,6
51,5KPE_6_6_0,0.8896341,0.0,0.0,0.0,25.459623,15.775475,76.593185,23.860937,14.248383,73.82527,5KPE,6
146,5KPE_6_6_1,0.94181883,0.0,0.0,0.0,25.973213,15.314171,78.27492,23.98412,16.356369,75.62674,5KPE,6
243,5KPE_6_6_2,0.90645665,0.0,0.0,0.0,24.218372,16.916824,74.23906,22.696774,17.233635,72.44161,5KPE,6
46,5KPE_6_6_3,0.8347241,0.0,0.0,0.0,25.493128,18.662231,76.243774,23.366741,17.168068,73.09614,5KPE,6
203,5KPE_6_6_4,0.8799139,0.0,0.0,0.0,25.931252,17.573555,78.78662,24.343771,14.348427,76.83641,5KPE,6
194,5KPE_6_6_5,0.92254454,0.0,0.0,0.0,25.66114,16.5644,79.05888,23.706657,16.477287,74.79839,5KPE,6
13,5KPE_6_6_6,0.89938605,0.0,0.0,0.0,25.590282,15.248894,78.14834,24.148685,17.431793,75.69653,5KPE,6
174,5KPE_6_6_7,0.90527135,0.0,0.0,0.0,24.256147,16.161049,77.07318,22.543495,14.435089,74.70164,5KPE,6
111,5KPE_6_6_8,0.95148194,0.0,0.0,0.0,25.380083,16.736313,75.60933,23.522621,16.33754,77.17521,5KPE,6
14,5KPE_6_6_9,0.86215925,0.0,0.0,0.0,25.596783,16.417015,76.50487,23.801739,15.325699,76.69871,5KPE,6
152,5KPE_6_8_0,0.9110618,0.0,0.0,0.0,26.256437,17.149559,80.30263,24.368803,16.655762,76.848465,5KPE,6
201,5KPE_6_8_1,0.87061787,0.0,0.0,0.0,25.84456,19.201591,74.33726,24.07208,16.74836,73.97895,5KPE,6
76,5KPE_6_8_2,0.9303157,0.0,0.0,0.0,26.337551,15.33596,78.72249,23.835295,14.335892,77.446556,5KPE,6
270,5KPE_6_8_3,0.92612696,0.0,0.0,0.0,25.655033,17.567924,80.81891,23.707502,15.47731,77.88041,5KPE,6
310,5KPE_6_8_4,0.83233976,0.0,0.0,0.0,26.006176,18.933365,77.95431,24.150698,15.775116,72.490326,5KPE,6
12,5KPE_6_8_5,0.99847436,0.0,0.0,0.0,26.335575,19.293922,79.894455,24.153944,16.016037,76.06282,5KPE,6
304,5KPE_6_8_6,0.8679611,0.0,0.0,0.0,25.829641,15.843407,75.0982,24.402843,16.66362,73.440384,5KPE,6
269,5KPE_6_8_7,0.81560624,0.0,0.0,0.0,25.666693,18.932175,77.321625,24.121939,17.674118,75.72857,5KPE,6
197,5KPE_6_8_8,0.8636567,0.0,0.0,0.0,26.402632,17.505135,79.64626,24.685854,17.875343,75.95737,5KPE,6
59,5KPE_6_8_9,1.0065343,0.0,0.0,0.0,25.425516,18.93351,75.24415,23.042803,19.55323,72.80449,5KPE,6
22,5KPE_8_2_0,0.8025306,0.0,0.0,0.0,23.012154,16.273392,72.01442,21.480682,17.20182,67.82514,5KPE,8
241,5KPE_8_2_1,0.76387846,0.0,0.0,0.0,26.025427,20.171768,71.663795,24.159266,19.712708,71.53023,5KPE,8
219,5KPE_8_2_2,1.0743867,0.0,0.0,0.0,28.150984,18.65393,77.500725,25.841223,18.650558,77.78179,5KPE,8
200,5KPE_8_2_3,0.8923012,0.0,0.0,0.0,27.4945,19.688797,76.257324,25.12697,17.731064,76.10462,5KPE,8
5,5KPE_8_2_4,0.9575609,0.0,0.0,0.0,22.91421,14.939247,73.77435,20.897943,12.977005,70.566925,5KPE,8
173,5KPE_8_2_5,1.1111741,0.0,0.0,0.0,27.62692,17.434677,78.74393,25.64171,19.005592,77.01634,5KPE,8
207,5KPE_8_2_6,0.8877939,0.0,0.0,0.0,24.672949,18.888664,75.399506,22.201427,19.946938,71.71702,5KPE,8
125,5KPE_8_2_7,0.89822346,0.0,0.0,0.0,23.910002,13.187721,75.75694,22.790838,17.17006,76.23942,5KPE,8
291,5KPE_8_2_8,0.7923982,0.0,0.0,0.0,26.569887,20.00779,74.935715,24.170685,20.87326,71.243576,5KPE,8
169,5KPE_8_2_9,1.1196868,0.0,0.0,0.0,30.516792,26.736862,73.64278,27.701984,24.773018,72.068085,5KPE,8
239,5KPE_8_4_0,0.9989928,0.0,0.0,0.0,25.327732,15.72477,77.685524,23.196827,16.45655,74.72944,5KPE,8
202,5KPE_8_4_1,0.9800364,0.0,0.0,0.0,29.094988,16.354538,83.289764,27.270636,17.613373,82.46206,5KPE,8
139,5KPE_8_4_2,0.81014,0.0,0.0,0.0,28.44401,16.71112,86.154854,26.77614,16.599564,83.98447,5KPE,8
183,5KPE_8_4_3,0.8081369,0.0,0.0,0.0,26.585762,18.045662,78.80488,23.872274,19.488594,74.12599,5KPE,8
220,5KPE_8_4_4,0.9061006,0.0,0.0,0.0,27.726637,17.930412,83.20784,25.085716,19.50058,77.77429,5KPE,8
127,5KPE_8_4_5,0.97090405,0.0,0.0,0.0,27.63925,17.670975,85.95528,25.84294,15.337051,85.90167,5KPE,8
185,5KPE_8_4_6,0.9943408,0.0,0.0,0.0,29.022264,19.414047,82.11707,27.398243,19.184837,83.03312,5KPE,8
175,5KPE_8_4_7,0.9207019,0.0,0.0,0.0,26.747808,16.681702,80.48978,25.366934,16.708649,82.87706,5KPE,8
216,5KPE_8_4_8,0.87231594,0.0,0.0,0.0,26.995935,17.016785,83.02948,25.21521,15.53112,79.54671,5KPE,8
66,5KPE_8_4_9,0.9577722,0.0,0.0,0.0,28.002323,19.653473,80.344734,25.287394,20.881989,78.21299,5KPE,8
33,5KPE_8_6_0,0.9629665,0.0,0.0,0.0,27.101587,17.336815,81.39788,25.063276,17.244385,77.06288,5KPE,8
285,5KPE_8_6_1,0.83212805,0.0,0.0,0.0,28.62149,15.888657,91.139275,27.48407,18.303856,90.61692,5KPE,8
107,5KPE_8_6_2,0.8728876,0.0,0.0,0.0,27.404224,15.966751,85.960236,25.859863,17.520836,82.63902,5KPE,8
265,5KPE_8_6_3,0.76910895,0.0,0.0,0.0,28.42687,17.980675,83.679276,26.756746,18.985535,88.413666,5KPE,8
128,5KPE_8_6_4,0.8730796,0.0,0.0,0.0,29.68033,19.485847,84.394966,28.504763,20.740524,84.00078,5KPE,8
263,5KPE_8_6_5,0.9115699,0.0,0.0,0.0,27.59633,16.89196,86.29149,26.046267,16.834328,87.539474,5KPE,8
142,5KPE_8_6_6,0.8538616,0.0,0.0,0.0,27.272331,16.309448,84.77573,25.48626,19.681335,81.9623,5KPE,8
232,5KPE_8_6_7,0.92639625,0.0,0.0,0.0,27.902334,16.443222,89.27239,26.131174,17.289963,84.9205,5KPE,8
40,5KPE_8_6_8,0.83998424,0.0,0.0,0.0,27.242613,16.205482,85.059715,25.6679,16.361572,87.56555,5KPE,8
144,5KPE_8_6_9,0.8017725,0.0,0.0,0.0,27.608652,17.185196,85.30658,25.737103,16.105858,85.010445,5KPE,8
11,5KPE_8_8_0,0.8735025,0.0,0.0,0.0,28.912169,18.453407,84.18203,27.21847,18.3656,85.10897,5KPE,8
179,5KPE_8_8_1,0.82504797,0.0,0.0,0.0,28.053783,16.688515,89.91603,26.245218,14.90023,86.885,5KPE,8
253,5KPE_8_8_2,0.83232856,0.0,0.0,0.0,28.909697,18.912727,86.02313,27.15235,18.102448,87.3832,5KPE,8
182,5KPE_8_8_3,0.7935979,0.0,0.0,0.0,28.128387,15.893242,87.23228,26.548792,18.183235,86.42358,5KPE,8
112,5KPE_8_8_4,0.8244007,0.0,0.0,0.0,27.270819,15.274246,86.90834,25.688288,15.394508,84.59473,5KPE,8
87,5KPE_8_8_5,0.759105,0.0,0.0,0.0,28.580011,16.267242,90.421005,27.295723,17.407272,89.55728,5KPE,8
79,5KPE_8_8_6,0.8971232,0.0,0.0,0.0,28.506548,18.583702,87.14564,25.5749,18.775398,85.9771,5KPE,8
130,5KPE_8_8_7,0.87565887,0.0,0.0,0.0,29.47861,17.924232,89.354904,27.953846,18.306915,87.33512,5KPE,8
34,5KPE_8_8_8,0.8687721,0.0,0.0,0.0,28.504469,16.156837,86.93008,26.924255,17.693,85.51288,5KPE,8
160,5KPE_8_8_9,0.8411073,0.0,0.0,0.0,29.340199,19.280312,87.70551,27.329712,18.133003,88.47078,5KPE,8
68,5KPH_2_2_0,0.66838807,0.0,0.0,0.0,27.212889,23.369675,64.483696,26.650646,21.56739,65.55952,5KPH,2
56,5KPH_2_2_1,0.6164143,0.0,0.0,0.0,27.561415,24.203598,64.601364,26.115839,22.498886,63.35884,5KPH,2
231,5KPH_2_2_2,0.715584,0.0,0.0,0.0,29.908415,26.886475,65.63445,26.955427,23.658531,63.798424,5KPH,2
101,5KPH_2_2_3,0.66589016,0.0,0.0,0.0,29.341858,26.369469,65.7509,27.448914,24.050743,65.82017,5KPH,2
3,5KPH_2_2_4,0.6637545,0.0,0.0,0.0,27.743456,24.148705,66.47516,25.969965,21.415619,66.305084,5KPH,2
308,5KPH_2_2_5,0.58592856,0.0,0.0,0.0,29.067644,24.93618,66.2739,27.767822,23.289993,65.81557,5KPH,2
102,5KPH_2_2_6,0.65273833,0.0,0.0,0.0,28.5148,23.7864,65.0516,26.805647,22.805298,65.01391,5KPH,2
236,5KPH_2_2_7,0.63416666,0.0,0.0,0.0,26.249056,21.03875,63.93125,25.596045,20.527184,65.34758,5KPH,2
260,5KPH_2_2_8,0.6554576,0.0,0.0,0.0,28.248516,23.986229,64.75931,26.987207,22.539307,65.90644,5KPH,2
226,5KPH_2_2_9,0.5271501,0.0,0.0,0.0,27.945183,23.94535,67.43445,26.588898,23.179558,65.37014,5KPH,2
190,5KPH_2_4_0,0.5167112,0.0,0.0,0.0,27.265602,21.337029,66.684906,26.88996,22.835854,67.457,5KPH,2
88,5KPH_2_4_1,0.62510985,0.0,0.0,0.0,28.415594,22.787567,65.35456,27.122498,23.662796,65.25982,5KPH,2
28,5KPH_2_4_2,0.70013493,0.0,0.0,0.0,28.157482,23.467926,65.90799,27.597557,24.890854,66.30269,5KPH,2
284,5KPH_2_4_3,0.66337943,0.0,0.0,0.0,28.27088,23.70324,65.17421,27.281252,23.535858,66.96935,5KPH,2
280,5KPH_2_4_4,0.64988405,0.0,0.0,0.0,28.08697,25.056458,64.83621,26.904125,22.77353,64.145,5KPH,2
162,5KPH_2_4_5,0.8390469,0.0,0.0,0.0,28.558838,21.69297,64.26259,27.384441,22.879616,65.41445,5KPH,2
86,5KPH_2_4_6,0.67505705,0.0,0.0,0.0,27.781416,22.88652,64.15294,26.70884,23.607208,65.32788,5KPH,2
170,5KPH_2_4_7,0.6832695,0.0,0.0,0.0,28.369097,23.135452,65.26341,27.551119,23.824455,64.329834,5KPH,2
274,5KPH_2_4_8,0.55303335,0.0,0.0,0.0,28.520851,25.096924,65.094986,27.585194,23.50666,66.19893,5KPH,2
2,5KPH_2_4_9,0.6327917,0.0,0.0,0.0,29.08473,26.617935,62.208557,27.751886,25.04699,65.707146,5KPH,2
168,5KPH_2_6_0,0.6130078,0.0,0.0,0.0,27.668058,23.676727,65.46486,26.890368,22.70594,65.52573,5KPH,2
113,5KPH_2_6_1,0.67260545,0.0,0.0,0.0,28.216969,22.27407,65.18041,27.47306,25.477135,66.356415,5KPH,2
303,5KPH_2_6_2,0.63500834,0.0,0.0,0.0,27.986626,23.390434,63.639908,27.599157,24.24514,65.74632,5KPH,2
35,5KPH_2_6_3,0.6155138,0.0,0.0,0.0,28.666328,23.259804,65.04311,27.753801,25.684319,66.30692,5KPH,2
1,5KPH_2_6_4,0.63738537,0.0,0.0,0.0,27.992249,22.440628,63.84693,26.825655,23.786926,64.26778,5KPH,2
118,5KPH_2_6_5,0.62813,0.0,0.0,0.0,27.480957,22.586937,64.518654,26.837095,22.819443,67.210915,5KPH,2
290,5KPH_2_6_6,0.7133107,0.0,0.0,0.0,27.090137,21.953117,66.43267,26.337933,22.214111,67.28457,5KPH,2
283,5KPH_2_6_7,0.66949785,0.0,0.0,0.0,28.314137,25.486565,64.24586,26.608198,23.452553,64.72425,5KPH,2
70,5KPH_2_6_8,0.63454443,0.0,0.0,0.0,28.037792,21.459183,64.4331,27.629333,24.880363,65.089134,5KPH,2
63,5KPH_2_6_9,0.67218333,0.0,0.0,0.0,28.183655,22.774994,65.70494,27.747114,24.853134,64.98588,5KPH,2
209,5KPH_2_8_0,0.6710977,0.0,0.0,0.0,27.813906,22.777405,63.542465,26.904058,22.704445,65.46916,5KPH,2
205,5KPH_2_8_1,0.6927041,0.0,0.0,0.0,28.702074,23.652588,64.5545,27.824596,22.79702,67.2216,5KPH,2
85,5KPH_2_8_2,0.74070346,0.0,0.0,0.0,27.755682,23.542984,63.895203,27.331255,23.328217,65.20832,5KPH,2
166,5KPH_2_8_3,0.5985621,0.0,0.0,0.0,27.66535,23.708984,63.960403,26.824379,23.695557,64.55018,5KPH,2
238,5KPH_2_8_4,0.6569457,0.0,0.0,0.0,27.07898,23.03769,64.24088,26.209267,23.19712,65.25389,5KPH,2
297,5KPH_2_8_5,0.6377177,0.0,0.0,0.0,26.90008,23.544296,63.539955,26.345623,23.709358,63.72313,5KPH,2
312,5KPH_2_8_6,0.7309094,0.0,0.0,0.0,27.83344,22.989784,64.59608,27.623842,23.447426,65.987495,5KPH,2
138,5KPH_2_8_7,0.67118037,0.0,0.0,0.0,28.068794,23.487984,63.397446,27.128508,23.937035,64.69846,5KPH,2
281,5KPH_2_8_8,0.7488469,0.0,0.0,0.0,27.195671,22.736694,62.87919,26.51424,24.044624,64.61296,5KPH,2
143,5KPH_2_8_9,0.60846704,0.0,0.0,0.0,27.304863,23.326538,64.34377,27.189888,23.456429,66.49697,5KPH,2
52,5KPH_4_2_0,0.5891274,0.0,0.0,0.0,32.367107,29.646225,68.86401,30.198944,26.276085,69.92605,5KPH,4
83,5KPH_4_2_1,0.7907291,0.0,0.0,0.0,33.510128,28.98114,69.949936,32.09602,29.73452,71.63817,5KPH,4
206,5KPH_4_2_2,0.70883536,0.0,0.0,0.0,33.543896,31.02288,69.396416,31.714472,28.723816,68.45793,5KPH,4
41,5KPH_4_2_3,0.6066098,0.0,0.0,0.0,32.51139,29.099892,65.88111,29.788454,25.45179,67.176575,5KPH,4
20,5KPH_4_2_4,0.6819014,0.0,0.0,0.0,32.491886,28.577232,67.42976,30.621096,28.351112,68.0126,5KPH,4
114,5KPH_4_2_5,0.62968093,0.0,0.0,0.0,32.324642,28.735825,67.4273,30.87935,27.706573,68.72168,5KPH,4
75,5KPH_4_2_6,0.52462935,0.0,0.0,0.0,32.39703,29.730263,68.221275,30.9515,27.755829,69.74975,5KPH,4
65,5KPH_4_2_7,0.5265284,0.0,0.0,0.0,31.445808,28.5933,69.385574,30.437048,25.127724,69.316376,5KPH,4
49,5KPH_4_2_8,0.8372309,0.0,0.0,0.0,32.5623,27.651733,68.55739,30.877869,29.747696,67.55472,5KPH,4
147,5KPH_4_2_9,0.6756067,0.0,0.0,0.0,31.99989,28.85302,64.67909,30.66443,27.263512,67.86479,5KPH,4
271,5KPH_4_4_0,0.8480539,0.0,0.0,0.0,32.507736,30.409142,71.97166,30.483992,27.383759,69.011765,5KPH,4
58,5KPH_4_4_1,0.7130905,0.0,0.0,0.0,32.95701,31.244514,67.747536,29.537382,25.25035,68.08243,5KPH,4
222,5KPH_4_4_2,0.66630006,0.0,0.0,0.0,33.227543,26.109322,70.22529,31.530973,27.263603,72.71601,5KPH,4
295,5KPH_4_4_3,0.584302,0.0,0.0,0.0,33.456146,31.60817,68.09666,31.043068,26.594688,70.19826,5KPH,4
26,5KPH_4_4_4,0.7003806,0.0,0.0,0.0,33.094078,29.293571,67.055725,31.574139,28.129372,69.789764,5KPH,4
288,5KPH_4_4_5,0.69809353,0.0,0.0,0.0,33.774326,31.644234,70.56854,32.554344,27.16043,74.53485,5KPH,4
82,5KPH_4_4_6,0.5552672,0.0,0.0,0.0,32.589752,27.241425,68.7165,30.77398,25.888367,70.17535,5KPH,4
247,5KPH_4_4_7,0.81608546,0.0,0.0,0.0,33.38948,33.95282,68.603775,31.182802,27.571838,72.92442,5KPH,4
157,5KPH_4_4_8,0.69295716,0.0,0.0,0.0,32.908226,31.442749,68.62676,31.718575,28.105644,70.854065,5KPH,4
21,5KPH_4_4_9,0.65382904,0.0,0.0,0.0,32.812706,30.089897,69.49533,31.224123,27.542595,73.32126,5KPH,4
44,5KPH_4_6_0,0.7387135,0.0,0.0,0.0,32.84183,29.272339,69.67821,31.517334,27.597511,69.81615,5KPH,4
110,5KPH_4_6_1,0.61341614,0.0,0.0,0.0,33.398075,30.917007,70.318886,32.311764,30.693481,71.07001,5KPH,4
309,5KPH_4_6_2,0.6905739,0.0,0.0,0.0,33.79516,32.853355,69.842575,31.881176,27.596352,72.60886,5KPH,4
96,5KPH_4_6_3,0.73025507,0.0,0.0,0.0,32.9714,29.832596,70.57439,31.352087,27.474747,71.38957,5KPH,4
159,5KPH_4_6_4,0.56910896,0.0,0.0,0.0,32.34218,29.241814,68.47058,31.445055,28.328781,71.50998,5KPH,4
261,5KPH_4_6_5,0.64342684,0.0,0.0,0.0,33.09517,30.805084,71.1016,31.351074,28.309227,72.945305,5KPH,4
148,5KPH_4_6_6,0.54484385,0.0,0.0,0.0,32.26274,30.42984,69.57843,31.255968,26.266396,71.62753,5KPH,4
116,5KPH_4_6_7,0.568051,0.0,0.0,0.0,33.366425,31.163353,70.17609,32.102833,30.302383,70.93116,5KPH,4
229,5KPH_4_6_8,0.63367456,0.0,0.0,0.0,31.78957,29.00911,67.43025,31.030237,27.560242,71.12682,5KPH,4
141,5KPH_4_6_9,0.72294366,0.0,0.0,0.0,33.094845,30.869286,70.57765,31.619413,28.6203,70.96269,5KPH,4
242,5KPH_4_8_0,0.6216326,0.0,0.0,0.0,33.723526,30.928314,69.16437,31.642303,28.041,71.38793,5KPH,4
184,5KPH_4_8_1,0.6046905,0.0,0.0,0.0,32.614697,30.140846,68.61679,32.070866,29.776787,74.64672,5KPH,4
43,5KPH_4_8_2,0.5127589,0.0,0.0,0.0,32.31449,27.862152,70.71971,30.957872,25.433624,72.280525,5KPH,4
302,5KPH_4_8_3,0.57600796,0.0,0.0,0.0,31.712654,31.013275,71.337776,30.463818,26.377335,70.17923,5KPH,4
122,5KPH_4_8_4,0.5582087,0.0,0.0,0.0,32.350582,30.282959,70.04634,30.798286,27.788147,72.00864,5KPH,4
163,5KPH_4_8_5,0.61091965,0.0,0.0,0.0,32.43945,29.740616,70.69413,31.569233,29.647911,71.238335,5KPH,4
259,5KPH_4_8_6,0.5938502,0.0,0.0,0.0,33.320225,29.874443,71.20774,31.759981,29.149376,71.849266,5KPH,4
30,5KPH_4_8_7,0.5935806,0.0,0.0,0.0,31.41913,29.750427,70.87946,30.91457,28.280502,72.06228,5KPH,4
120,5KPH_4_8_8,0.6350525,0.0,0.0,0.0,33.568592,33.13936,71.45591,32.294643,30.348152,72.93474,5KPH,4
192,5KPH_4_8_9,0.5663901,0.0,0.0,0.0,33.121037,33.32569,70.275444,32.292587,28.532356,73.73162,5KPH,4
191,5KPH_6_2_0,0.5830709,0.0,0.0,0.0,35.17668,32.085983,74.756,33.763783,29.610764,76.6255,5KPH,6
69,5KPH_6_2_1,0.8422008,0.0,0.0,0.0,37.48615,35.17511,74.11809,34.754776,31.404892,72.94716,5KPH,6
210,5KPH_6_2_2,0.7120312,0.0,0.0,0.0,38.278797,31.080833,74.43095,36.626083,26.711578,77.938385,5KPH,6
81,5KPH_6_2_3,0.69631946,0.0,0.0,0.0,35.65828,32.940575,76.39902,34.20084,30.806107,78.27938,5KPH,6
178,5KPH_6_2_4,1.470422,0.0,0.0,-0.5,35.546776,25.572258,96.77621,27.362,19.821983,76.934906,5KPH,6
50,5KPH_6_2_5,0.89986277,0.0,0.0,0.0,36.551605,33.48262,74.306145,35.25443,31.4822,77.5758,5KPH,6
251,5KPH_6_2_6,1.049933,0.0,0.0,0.0,34.512203,30.240562,72.44599,31.985893,27.941582,73.75683,5KPH,6
268,5KPH_6_2_7,0.7004086,-0.5,0.0,0.0,36.13117,33.944817,78.69395,34.44285,29.086128,78.707085,5KPH,6
155,5KPH_6_2_8,0.7101159,0.0,0.0,0.0,37.639847,32.80813,71.18866,36.772488,27.122452,78.72492,5KPH,6
42,5KPH_6_2_9,0.6528148,0.0,0.0,0.0,36.16262,32.89052,73.668304,34.7608,31.232582,76.61666,5KPH,6
195,5KPH_6_4_0,0.51476026,0.0,0.0,0.0,36.54233,34.57189,75.78509,35.493282,31.877724,74.996574,5KPH,6
221,5KPH_6_4_1,0.59361815,0.0,0.0,0.0,37.31248,35.217155,74.65957,36.264153,29.998962,78.103,5KPH,6
158,5KPH_6_4_2,0.6828578,0.0,0.0,0.0,37.92757,34.528458,77.62108,35.045044,28.984749,77.12316,5KPH,6
257,5KPH_6_4_3,0.7355119,0.0,0.0,0.0,37.446327,37.074913,76.43065,34.99056,30.411674,78.802505,5KPH,6
245,5KPH_6_4_4,0.6397368,0.0,0.0,0.0,37.997528,33.77807,76.66404,36.06532,30.589668,77.23434,5KPH,6
151,5KPH_6_4_5,0.57751364,0.0,0.0,0.0,37.3348,33.21427,79.711,35.616463,29.701874,79.03931,5KPH,6
252,5KPH_6_4_6,0.6563077,0.0,0.0,0.0,37.75269,35.339485,76.65049,36.20084,32.27559,77.496605,5KPH,6
90,5KPH_6_4_7,0.47841448,0.0,0.0,0.0,38.20637,35.718407,77.51247,36.721737,32.488,79.21824,5KPH,6
208,5KPH_6_4_8,0.57133627,0.0,0.0,0.0,36.389,33.946564,77.10625,34.71614,31.884178,77.95579,5KPH,6
279,5KPH_6_4_9,0.49509498,0.0,0.0,0.0,37.014786,33.80375,77.98441,36.3987,32.108574,80.24432,5KPH,6
258,5KPH_6_6_0,0.58376884,0.0,0.0,0.0,37.015785,32.34565,80.0432,35.602238,29.683617,82.29477,5KPH,6
97,5KPH_6_6_1,0.6756617,0.0,0.0,0.0,37.112606,33.844177,76.72474,35.168922,30.16684,77.72224,5KPH,6
262,5KPH_6_6_2,0.6398301,0.0,0.0,0.0,37.49846,30.927986,80.68052,36.498886,30.94291,81.373795,5KPH,6
306,5KPH_6_6_3,0.5059881,0.0,0.0,0.0,37.045105,32.7043,78.03581,35.649796,28.143768,80.219,5KPH,6
272,5KPH_6_6_4,0.5910653,0.0,0.0,0.0,36.145763,29.280045,76.30925,34.72482,29.467613,78.23336,5KPH,6
84,5KPH_6_6_5,0.7124035,0.0,0.0,0.0,37.899647,35.035133,77.27521,36.341118,31.553993,81.046875,5KPH,6
123,5KPH_6_6_6,0.6848027,0.0,0.0,0.0,37.429947,34.301888,80.38884,36.404774,30.019653,81.426315,5KPH,6
256,5KPH_6_6_7,0.6056239,0.0,0.0,0.0,37.94085,33.37307,78.79486,36.298344,33.02285,81.3587,5KPH,6
126,5KPH_6_6_8,0.7382169,0.0,0.0,0.0,37.280243,31.45478,76.00269,35.543713,30.839424,78.96414,5KPH,6
55,5KPH_6_6_9,0.63367593,0.0,0.0,0.0,37.349537,35.390038,78.01134,35.584248,28.78962,80.5453,5KPH,6
29,5KPH_6_8_0,0.5611963,0.0,0.0,0.0,38.973434,36.362396,81.61585,37.435318,33.931396,82.71168,5KPH,6
103,5KPH_6_8_1,0.5731728,0.0,0.0,0.0,38.167175,36.1886,80.12922,36.71442,32.902733,82.37883,5KPH,6
131,5KPH_6_8_2,0.71195185,0.0,0.0,0.0,38.134445,34.746834,78.7478,36.709538,31.620872,81.94716,5KPH,6
264,5KPH_6_8_3,0.74336046,0.0,0.0,0.0,38.334194,35.200752,78.01978,36.702515,33.199272,80.67454,5KPH,6
45,5KPH_6_8_4,0.6658935,0.0,0.0,0.0,38.14466,36.328278,77.51289,36.222694,30.428223,79.49101,5KPH,6
171,5KPH_6_8_5,0.53844947,0.0,0.0,0.0,38.069523,37.18727,79.74932,36.873795,33.9877,81.19601,5KPH,6
95,5KPH_6_8_6,0.58428526,0.0,0.0,0.0,37.61994,33.230644,80.41842,36.31084,29.720398,79.24365,5KPH,6
314,5KPH_6_8_7,0.708217,0.0,0.0,0.0,37.81387,35.811966,77.10103,36.51285,31.428886,80.58176,5KPH,6
250,5KPH_6_8_8,0.7362703,0.0,0.0,0.0,37.724422,34.69365,80.24605,36.096287,29.698036,80.53973,5KPH,6
92,5KPH_6_8_9,0.6366813,0.0,0.0,0.0,38.726055,36.132217,78.67335,38.01706,34.888054,82.349075,5KPH,6
25,5KPH_8_2_1,0.94881856,-0.5,0.0,-0.5,29.914442,27.042107,69.32155,24.609785,20.460213,61.592506,5KPH,8
181,5KPH_8_2_3,0.9856332,0.0,0.0,0.0,41.461956,36.55085,87.669586,38.95877,32.456505,88.31022,5KPH,8
296,5KPH_8_2_4,0.965228,-0.5,0.0,-1.0,28.042072,23.390541,79.857285,23.999046,20.857788,68.08734,5KPH,8
176,5KPH_8_2_5,0.96050584,-0.5,0.0,0.0,42.32766,34.35293,94.34229,38.775917,34.833824,86.900024,5KPH,8
156,5KPH_8_2_6,0.7145617,0.0,0.0,0.0,41.28819,28.933472,100.882614,40.337276,29.565857,96.52676,5KPH,8
32,5KPH_8_2_9,0.7221745,0.0,0.0,0.0,42.61388,31.268028,99.83962,41.68949,33.817772,95.5904,5KPH,8
140,5KPH_8_4_0,0.6533455,0.0,0.0,0.0,41.716785,35.13044,95.35351,41.20626,34.022087,97.48639,5KPH,8
108,5KPH_8_4_1,0.85408,0.5,0.0,0.0,36.83638,36.630493,85.478325,33.767033,32.09964,80.67429,5KPH,8
72,5KPH_8_4_2,0.7561955,0.0,0.0,0.0,45.072952,45.01838,91.11699,44.00024,45.590782,97.013725,5KPH,8
277,5KPH_8_4_3,0.73243105,0.0,0.0,0.0,41.854416,34.898834,93.44281,41.33332,37.739944,95.272675,5KPH,8
17,5KPH_8_4_4,0.8260443,0.0,0.0,0.0,41.163242,32.135696,97.80446,39.821968,31.354294,93.952705,5KPH,8
9,5KPH_8_4_5,1.1874664,0.0,,0.0,37.798027,34.03569,88.912315,35.26477,28.29168,94.9203,5KPH,8
153,5KPH_8_4_6,0.5990388,0.0,0.0,0.0,42.69485,37.41272,98.75722,42.136948,37.552452,100.539,5KPH,8
78,5KPH_8_4_7,0.5526712,0.0,0.0,0.0,38.94189,35.583923,80.9297,37.02365,34.128036,83.25976,5KPH,8
94,5KPH_8_4_8,0.774285,-0.5,0.0,0.0,43.197567,39.431496,86.15104,40.35665,35.784836,86.456116,5KPH,8
16,5KPH_8_4_9,0.9249159,-0.5,0.0,0.0,17.42332,13.764374,47.803772,15.646053,9.525154,40.252823,5KPH,8
18,5KPH_8_6_0,0.69088066,0.0,0.0,0.0,42.311966,37.254707,99.417786,42.657715,39.62332,100.8791,5KPH,8
105,5KPH_8_6_1,0.48642176,0.0,0.0,0.0,44.1852,44.23577,100.91705,43.187057,43.25255,103.16315,5KPH,8
299,5KPH_8_6_2,0.5095529,0.0,0.0,0.0,42.355377,35.567657,96.934235,41.090717,36.26934,98.51035,5KPH,8
161,5KPH_8_6_3,0.5836143,0.0,0.0,0.0,42.70978,38.55874,98.088196,42.620487,39.11402,102.18673,5KPH,8
89,5KPH_8_6_4,0.76138633,0.0,0.0,0.0,41.447235,38.635216,90.385635,40.666183,34.36654,89.549225,5KPH,8
213,5KPH_8_6_5,0.59662086,0.0,0.0,0.0,44.28921,43.66799,100.81708,43.79218,41.548233,100.861435,5KPH,8
249,5KPH_8_6_6,0.60597277,0.0,0.0,0.0,43.18313,38.240982,100.96141,42.35676,35.684357,103.225296,5KPH,8
305,5KPH_8_6_7,0.9225646,-0.5,0.0,0.0,38.16006,34.273964,75.520935,36.266327,33.614502,73.491646,5KPH,8
228,5KPH_8_6_8,0.7094009,0.0,0.0,0.0,40.289536,35.61859,86.9501,39.898827,32.515083,86.263695,5KPH,8
255,5KPH_8_6_9,0.5628861,0.0,0.0,0.0,42.877018,37.251892,99.19402,42.375378,36.78689,99.91356,5KPH,8
267,5KPH_8_8_0,0.5460767,0.0,0.0,0.0,43.978207,40.28396,99.94482,42.798862,36.224327,99.96635,5KPH,8
132,5KPH_8_8_1,0.6609466,0.0,0.0,0.0,44.15721,40.827583,101.44865,43.978477,41.35663,102.29592,5KPH,8
180,5KPH_8_8_2,0.57392216,0.0,0.0,0.0,43.775158,36.533867,98.963264,43.452557,34.505302,97.17018,5KPH,8
71,5KPH_8_8_3,0.6632942,0.0,0.0,0.0,41.898556,35.902946,91.719444,40.178417,32.73532,88.60533,5KPH,8
136,5KPH_8_8_4,0.9225896,-0.5,,0.0,35.894955,29.524925,101.67417,33.959164,26.712387,92.765495,5KPH,8
27,5KPH_8_8_5,0.61421233,0.0,0.0,0.0,44.083244,42.440063,101.12967,43.444824,37.15454,100.43173,5KPH,8
64,5KPH_8_8_6,0.49082264,0.0,0.0,0.0,43.171143,36.148376,97.195564,43.24069,37.97281,100.73605,5KPH,8
237,5KPH_8_8_7,0.5224123,-0.5,0.0,0.0,45.595707,48.157295,103.83495,45.140785,45.74351,109.528175,5KPH,8
4,5KPH_8_8_8,0.6719851,0.0,0.0,0.0,42.665615,39.023003,98.96743,41.29507,37.933365,98.0787,5KPH,8
214,5KPH_8_8_9,0.5777643,0.0,0.0,0.0,43.39029,38.577446,100.44456,41.944763,39.436806,101.09709,5KPH,8
